{"accuracy": 0.1875882580822534, "roc_auc": 0.12504691888991837, "log_loss": 1.4981172291316098, "precision": 0.04935048791099509, "recall": 0.044101310819817816, "f1_score": 0.04657847652010676}