{"accuracy": 0.18600117469164346, "roc_auc": 0.12740669377932837, "log_loss": 1.5349554843900457, "precision": 0.04662698412698413, "recall": 0.041906991000027864, "f1_score": 0.04414116956489838}