{"accuracy": 0.4709454899902527, "roc_auc": 0.5183396483963943, "log_loss": 0.6950981553761834, "precision": 0.4572665084461818, "recall": 0.9044568398961728, "f1_score": 0.6074329587181484}