{"accuracy": 0.4511009472395091, "roc_auc": 0.516055834336452, "log_loss": 0.7015624717098273, "precision": 0.4511009472395091, "recall": 1.0, "f1_score": 0.6217361350327247}